id,city_id,approve_url
1032,48,https://www.town.minamiosumi.lg.jp/kaigohukushi/hikazeikyuhu.html
1033,43,https://www.pref.saga.lg.jp/kiji00368216/index.html
1034,48,https://kimotsuki-town.jp/soshiki/chikusanka/1/4447.html
1035,48,http://town.nakatane.kagoshima.jp/fukushi/documents/documents/teisyotokukosodate.html
1036,42,http://www.city.onojo.fukuoka.jp/s048/050/010/030/20200710204832.html
1037,42,https://www.city.munakata.lg.jp/w021/010/030/050/20220818110626.html
1038,43,NULL
1039,48,NULL
1040,42,https://www.city.dazaifu.lg.jp/site/covid-19/14982.html
1041,48,NULL
1042,42,https://www.city.koga.fukuoka.jp/cityhall/work/fukushi/064.php
1043,42,https://www.city.fukutsu.lg.jp/soshiki/fukushi/shogai/1_1/1180.html
1044,48,NULL
1045,42,https://www.city.ukiha.fukuoka.jp/kiji0033097/index.html
1046,48,NULL
1047,48,http://www.town.setouchi.lg.jp/kankou/2021syukuhakuriyojosejigyo.html
1048,42,https://www.city.miyawaka.lg.jp/kiji003446569/index.html
1049,48,http://www.town.tatsugo.lg.jp/chouminzeimu/korona_kokuhogennmenn.html
1050,42,https://www.city.kama.lg.jp/site/coronavirus/14352.html
1051,48,http://www.town.kikai.lg.jp/kankou/kankousien.html
1052,42,https://www.city.asakura.lg.jp/www/contents/1297302026271/index.html
1053,48,http://www.tokunoshima-town.org/jyuminseikatsuka/nennkin/dai11kaichoikin.html
1054,48,https://www.town.amagi.lg.jp/docs/126.html
1055,48,NULL
1056,42,https://www.city.miyama.lg.jp/s022/kenko/110/070/20211204114138.html
1057,42,https://www.city.itoshima.lg.jp/s006/010/030/b020/010/010/myhome.html
1058,43,https://www.city.karatsu.lg.jp/fukushi/kenko/fukushi/fukushi/hikazeikyufukin.html
1059,42,https://www.city.nakagawa.lg.jp/site/koronamatome/kosodatesetaikyuufukin-hitorioya.html
1060,48,http://www.town.wadomari.lg.jp/hukusi/gankensin.html
1061,42,https://www.town.umi.lg.jp/soshiki/10/31436.html
1062,42,https://www.town.sasaguri.fukuoka.jp/kosodate/ikuji_shien/4/1995.html
1063,42,https://www.town.shime.lg.jp/soshiki/1/rousai201302.html
1064,48,NULL
1065,42,https://www.town.sue.fukuoka.jp/korona/sien/kojin/3835.html
1066,42,"http://www.town.shingu.fukuoka.jp/index.cfm/49,32051,280,532,html"
1067,43,https://www.city.tosu.lg.jp/soshiki/17/7604.html
1068,42,https://www.town.hisayama.fukuoka.jp/gyosei/iryo_kenko_fukushi/kourei_fukushi_kaigo/support_koreisha/2688.html
1069,42,https://www.town.kasuya.fukuoka.jp/s022/050/020/030/20211220151944.html
1070,42,https://www.town.ashiya.lg.jp/site/coronavirus/12818.html
1071,35,https://www.pref.okayama.jp/page/352727.html
1072,42,http://www.town.okagaki.lg.jp/s006/20210407183743.html
1073,42,https://www.town.onga.lg.jp/site/covid-19/23407.html
1074,42,NULL
1075,42,https://www.town.kurate.lg.jp/business/shisetsuengei_nenyukoto_hojokin.html
1076,42,NULL
1077,42,https://www.town.chikuzen.fukuoka.jp/S006/020/010/030/090/20200727151416.html
1078,35,https://www.city.okayama.jp/jigyosha/0000040959.html
1079,42,http://vill.toho-info.com/detail?num=1141
1080,42,http://www.town.tachiarai.fukuoka.jp/page/page_01686.html
1081,42,http://www.town.ooki.lg.jp/iryo/8/1/1423013977963.html
1082,43,https://www.city.taku.lg.jp/soshiki/7/12094.html
1083,35,https://www.city.tsuyama.lg.jp/life/index2.php?id=5413
1084,43,https://www.city.imari.saga.jp/12822.htm
1085,42,https://www.town.hirokawa.fukuoka.jp/soshiki/jumin/1/1/2/2636.html
1086,42,https://www.town.kawara.fukuoka.jp/s023/030/020/20200423154158.html
1087,35,https://www.city.okayama.jp/0000022044.html
1088,42,https://www.town.soeda.fukuoka.jp/docs/2012052800017/
1089,35,NULL
1090,43,NULL
1091,35,NULL
1092,35,https://www.city.okayama.jp/0000022044.html
1093,35,https://www.city.kurashiki.okayama.jp/dd.aspx?menuid=12315
1094,43,NULL
1095,35,https://www.city.tamano.lg.jp/site/coronavirus/12888.html
1096,35,http://www.city.kasaoka.okayama.jp/soshiki/16/40139.html
1097,35,http://www.city.ibara.okayama.jp/docs/2017012501003/
1098,35,https://www.city.soja.okayama.jp/kenkouiryou/iryou_fukushi/kenkoutukuri/gankanjyaouenjigyo.html
1099,43,NULL
1100,35,https://www.city.takahashi.lg.jp/site/corona-kanren/kosodate-seikatusien-kyuhukin-sonota.html
1101,35,https://www.city.niimi.okayama.jp/kurashi/kurashi_detail/index/10426.html
1102,43,https://www.town.shiroishi.lg.jp/chousei_machi/_4183/_5526.html
1103,43,NULL
1104,43,https://www.city.ureshino.lg.jp/sangyo/shokogyo/shokogyo/_28439.html
1105,35,https://www.city.bizen.okayama.jp/site/aka/14972.html
1106,35,https://www.city.setouchi.lg.jp/site/kyouikuiinnkai/125420.html
1107,43,https://www.town.kouhoku.saga.jp/kiji0032294/index.html
1108,43,NULL
1109,35,https://www.city.akaiwa.lg.jp/annai/kensetsujigyou/jougesuidou/kurashi/jougesuidou/joukasou/1144.html
1110,35,https://kodomo.city.maniwa.okayama.jp/39772.html
1111,35,http://www.city.mimasaka.lg.jp/boshu/1574825070286.html
1112,35,http://www.city.asakuchi.lg.jp/kurashi/hoken/kenkohoken/gennmenn/index.html
1113,35,NULL
1114,35,http://www.town.hayashima.lg.jp/oshirase/1649034623892.html
1115,35,http://www.town.satosho.okayama.jp/soshiki/5/5315.html
1116,35,NULL
1117,35,NULL
1118,43,NULL
1119,43,https://www.town.kiyama.lg.jp/kiji0031286/index.html
1120,35,NULL
1121,35,http://www.town.shoo.lg.jp/guide/guide01/life05/life0501/156_replace
1122,35,NULL
1123,35,NULL
1124,35,http://www.town.misaki.okayama.jp/site/covid-19/11359.html
1125,35,http://www.town.kibichuo.lg.jp/site/teijyu/1404.html
1126,43,https://www.town.kamimine.lg.jp/kiji003713/index.html
1127,43,https://www.town.miyaki.lg.jp/kurashi/kankyo/_1221/_1240/_2168.html
1128,43,NULL
1129,13,https://www.pref.saitama.lg.jp/a0109/annsinunnkousiennkin.html
1130,43,NULL
1131,43,https://www.town.genkai.lg.jp/site/korona/48862.html
1132,13,https://www.city.saitama.jp/001/004/002/001/004/p073999.html
1133,13,NULL
1134,13,NULL
1135,13,NULL
1136,13,NULL
1137,13,NULL
1138,13,NULL
1139,13,NULL
1141,13,NULL
1142,13,NULL
1143,13,NULL
1144,13,https://www.city.kawagoe.saitama.jp/jigyoshamuke/business_nogyo/nogyoseidoshikin/nokikonyushikin.html
1145,13,https://www.city.kumagaya.lg.jp/about/soshiki/fukushi/fukushi/oshirase/jiritsushiennkinn.html
1146,13,https://www.city.kawaguchi.lg.jp/soshiki/01070/010/senbotusya/29791.html
1147,13,https://www.city.gyoda.lg.jp/iryo_kenko_fukushi/iryo_kenko/kansensho_byoki/covid/kansenyobo/8499.html
1148,13,https://city.chichibu.lg.jp/5929.html
1149,13,http://www.city.tokorozawa.saitama.jp/kenko/kenkoiryo/covid19/kansensho/pcrmuryo.html
1150,13,https://www.city.hanno.lg.jp/article/detail/1610/
1151,13,https://www.city.kazo.lg.jp/fukushi/iryou/jouhou/kenshin/11793.html
1152,13,https://www.city.honjo.lg.jp/bunka_supotsu_kanko/14496.html
1153,13,http://www.city.higashimatsuyama.lg.jp/soshiki/kenkofukushibu/kenkosuishin/menu/covid19/1659579703162.html
1154,13,http://www.town.matsubushi.lg.jp/www/contents/1428548016652/index.html
1155,13,https://www.city.kasukabe.lg.jp/kenko_hoken_fukushi/seikatsushien_shakaikoken/13577.html
1156,13,https://www.city.sayama.saitama.jp/fukushi/hokenyobou/tokuteikenshin/doyouladies.html
1157,13,https://www.city.hanyu.lg.jp/docs/2020082500081/
1158,13,https://www.city.kounosu.saitama.jp/business/yushi/1649914000751.html
1159,13,http://www.city.fukaya.saitama.jp/kenko_fukushi/fukushi/fukushikaigo/koreishanotamenofukusisabisu/1391326878489.html
1160,20,http://www.town.echizen.fukui.jp/jigyou/02/p007522.html
1161,13,https://www.city.ageo.lg.jp/page/023119121301.html
1162,40,https://www.pref.ehime.jp/h35500/kankyou_hozen_nougyou/tyokubarai.html
1163,24,NULL
1164,24,NULL
1165,13,http://www.town.sugito.lg.jp/cms/page15370.html
1166,24,NULL
1167,24,https://www.city.hamamatsu.shizuoka.jp/hamaj/topics/covid_19benifits-fukushi.html
1168,24,NULL
1169,24,NULL
1170,24,https://www.city.hamamatsu.shizuoka.jp/noushin/janbotanishi.html
1171,13,https://www.city.soka.saitama.jp/cont/s1506/020/010/030/PAGE000000000000053615.html
1172,13,http://www.town.miyashiro.lg.jp/0000001131.html
1173,13,http://www.city.koshigaya.saitama.jp/anzen_anshin/covid19/oshirase/mado/kosodate/gakudo.html
1174,13,https://www.city.warabi.saitama.jp/kenko/fukushi/seikatsu/1007863.html
1175,13,https://www.town.yorii.saitama.jp/soshiki/08/hikazeisetairinjitokubetsukyufukin.html
1176,40,http://www.city.matsuyama.ehime.jp/shicho/kaiken/20042703.html
1177,13,https://www.city.toda.saitama.jp/site/suidou/sui-gyomu-suidou-genmen.html
1178,13,http://www.city.iruma.saitama.jp/download/busyo/kankyoukeizai_dl/1008769.html
1179,13,https://www.city.asaka.lg.jp/site/kosodate/bosisien2021.html
1180,13,"https://www.city.shiki.lg.jp/index.cfm/37,107482,348,1103,html"
1181,13,NULL
1182,13,NULL
1183,13,https://www.city.niiza.lg.jp/site/kokuho-kyuuhu/kokuhozeikyufuharikyumassagejyudoseifukushinosejyutsujissiji.html
1184,13,https://www.city.okegawa.lg.jp/kenko_fukushi/kourei_kaigo/koureiiryo_1/8229.html
1185,13,http://www.city.kuki.lg.jp/kenko/kenko_iryo/yobo_kansensho/covid19_measures/kensakit.html
1186,13,http://nishi.city.kitamoto.lg.jp/katsuyaku/a/1245.html
1187,13,https://www.city.yashio.lg.jp/kenko/kodomo_hoken/shugakuji.html
1188,13,https://www.city.fujimi.saitama.jp/kenko_fukushi_iryo/04koureisya/kaigo_irokin2021.html
1189,13,https://www.city.misato.lg.jp/10122.htm
1190,13,http://www.city.hasuda.saitama.jp/fukushi/kenko/fukushi/seikatufukusisikin.html
1191,13,https://www.city.sakado.lg.jp/site/sakado-kosodate/30762.html
1192,13,http://www.town.kamikawa.saitama.jp/kenko_iryou_kaigo/oshirase/4785.html
1193,13,https://www.city.satte.lg.jp/sitetop/soshiki/kenkouzoushin/6/8845.html
1194,40,https://www.city.imabari.ehime.jp/kenchiku/yosiki/choki/
1195,13,https://www.city.tsurugashima.lg.jp/page/page003674.html
1196,13,https://www.city.hidaka.lg.jp/COVID19/2/22198.html
1197,13,https://www.town.saitama-misato.lg.jp/0000001277.html
1198,13,"https://www.city.yoshikawa.saitama.jp/index.cfm/23,315,119,668,html"
1199,13,https://www.city.fujimino.saitama.jp/kinkyu/coronavirus/10598.html
1200,13,https://www.vill.higashichichibu.saitama.jp/soshiki/04/hikazei-kyuhu.html
1201,13,http://www.city.shiraoka.lg.jp/2492.htm
1202,13,https://www.town.ogano.lg.jp/kougenkensakittomuryohaihu/
1203,2,NULL
1204,13,https://www.town.saitama-ina.lg.jp/0000004428.html
1205,2,https://www.city.furano.hokkaido.jp/kosodate/docs/2021032500038.html
1206,13,http://www.town.saitama-miyoshi.lg.jp/news/2014-0610-0939-18.html
1207,13,https://www.town.moroyama.saitama.jp/soshikikarasagasu/hokencenter/1/8425.html
1208,13,http://www.town.ogose.saitama.jp/kamei/ken_fuku/fukushi/gyomuannai/shakaifukushi/1642405584389.html
1209,13,https://www.town.namegawa.saitama.jp/soshikikarasagasu/hukushika/sonohokanofukushi/3150.html
1210,2,NULL
1211,13,http://www.town.ranzan.saitama.jp/0000000384.html
1212,13,https://www.town.ogawa.saitama.jp/0000000474.html
1213,13,https://www.town.kawajima.saitama.jp/5566.htm
1214,13,https://www.town.yoshimi.saitama.jp/soshiki/kankyo/3/638.html
1215,40,https://www.city.uwajima.ehime.jp/soshiki/18/hikazeisetaikyuuhukinn.html
1216,13,http://www.town.hatoyama.saitama.jp/kenko/kenko/1642738987539.html
1217,13,https://www.town.nagatoro.saitama.jp/life/3kyuticket/
1218,13,https://www.town.tokigawa.lg.jp/info/2389
1219,13,https://www.town.minano.saitama.jp/section/hukushi/21146/
1220,2,NULL
1221,40,NULL
1222,13,https://www.town.yokoze.saitama.jp/kosodate-kyoiku/kodomo-teate/54658
1223,2,https://www.town.mashike.hokkaido.jp/division/kensetsu/kenchiku/jutaku_reform/index.html
1224,2,NULL
1225,40,https://www.city.niihama.lg.jp/soshiki/fukushi/11tokuchyou.html
1226,11,https://www.town.tochigi-nakagawa.lg.jp/life/fukushi_kaigo/tyouikin11.html
1227,2,NULL
1228,2,https://www.esashi.jp/news/page.html?id=633
1229,40,https://www.city.saijo.ehime.jp/soshiki/chiikishinko/taxi040629.html
1230,5,https://www.pref.miyagi.jp:443/site/miyagi-hyenergy/fcvrent-hojo.html
1231,11,http://www.town.nasu.lg.jp/0010/info-0000002877-1.html
1232,40,https://www.city.ozu.ehime.jp/soshiki/kankyo/50697.html
1233,5,https://www.city.sendai.jp/kotsu-kekaku/jigyousya/shoureikin.html
1234,5,NULL
1235,5,NULL
1236,5,NULL
1237,5,NULL
1238,5,https://www.city.ishinomaki.lg.jp/cont/10351000/1436/20140415103406.html
1239,11,https://www.town.takanezawa.tochigi.jp/information/hikazeisetaikyuuhukin.html
1240,40,NULL
1241,40,https://www.city.iyo.lg.jp/choujukaigo/kouhihutaniryou.html
1242,11,https://www.town.shioya.tochigi.jp/info/1188
1243,11,https://www.town.nogi.lg.jp/page/page003037.html
1244,5,https://www.city.shiogama.miyagi.jp/soshiki/11/2342.html
1245,5,https://www.kesennuma.miyagi.jp/edu/s162/010/010/030/20200805163320.html
1246,5,NULL
1247,5,https://www.city.natori.miyagi.jp/bunya/life/node_31353/node_31582/node_32372
1248,5,https://www.city.kakuda.lg.jp/soshiki/10/9550.html
1249,40,NULL
1250,5,NULL
1251,11,https://www.town.mibu.tochigi.jp/docs/2019052900020/
1252,5,NULL
1253,5,https://www.city.tome.miyagi.jp/business/korona/miyagikengenyukakakukoutousien.html
1254,5,https://www.kuriharacity.jp/w022/020/020/2110/PAGE000000000000010866.html
1255,5,NULL
1256,11,https://www.pref.tochigi.lg.jp/c01/education/bunka/geijyutsu/bunkasinkoukikin_bunkakatsudou-chiikidentou.html
1257,5,https://www.city.osaki.miyagi.jp:443/shisei/soshikikarasagasu/minseibu/shiminka/6/4/4/10875.html
1258,40,https://www.city.seiyo.ehime.jp/kakuka/fukushi_jimusho/choju_kaigo/kaigo_hoken/9037.html
1259,5,https://www.tomiya-city.miyagi.jp/sangyou/koyou/54ab06f24700e89b57f6c4d968842905eb78723d.html
1260,11,https://www.city.utsunomiya.tochigi.jp/kurashi/kenko/chusha/1004386.html
1261,5,https://www.town.zao.miyagi.jp/kurashi_guide/seikatsu_kankyo/jutaku/taishin.html
1262,40,https://www.town.kihoku.ehime.jp/site/onikko/16364.html
1263,11,http://www.city.ashikaga.tochigi.jp/page/bosi-koutousyokugyoukunren.html
1264,40,https://www.city.toon.ehime.jp/site/140/11044.html
1265,11,https://www.city.tochigi.lg.jp/site/covid19/27350.html
1266,5,NULL
1267,5,https://www.town.ogawara.miyagi.jp/3861.htm
1268,5,NULL
1269,26,https://www.pref.mie.lg.jp/TOPICS/m0030700456.htm
1270,5,"https://www.town.shibata.miyagi.jp/index.cfm/73,48946,188,html"
1271,5,NULL
1272,26,https://www.info.city.tsu.mie.jp/www/contents/1489392518914/index.html
1273,5,http://www.town.marumori.miyagi.jp/education/detail.php?content=918
1274,26,https://www.city.yokkaichi.lg.jp/www/contents/1589450154519/index.html
1275,5,NULL
1276,5,https://www.town.yamamoto.miyagi.jp/soshiki/10/17309.html
1277,5,"http://www.town.miyagi-matsushima.lg.jp/index.cfm/12,35845,17,123,html"
1278,5,https://www.town.rifu.miyagi.jp/gyosei/bosai_anzen/bosai/3/1641.html
1279,40,NULL
1280,5,https://www.town.taiwa.miyagi.jp/soshiki/hukusi/14216.html
1281,5,https://www.town.miyagi-osato.lg.jp/soshiki/kodomo/funin-tiryo.html
1282,26,https://www.city.matsusaka.mie.jp/site/bousai/blockbeihojo.html
1283,5,NULL
1284,40,https://www.kumakogen.jp/site/iju/4628.html
1285,40,https://www.town.matsuno.ehime.jp/soshiki/11/4603.html
1286,11,https://www.city.sano.lg.jp/soshikiichiran/gyousei/shiminkatsudosokushinka/oshirase/14640.html
1287,40,https://www.town.masaki.ehime.jp/soshiki/46/16706.html
1288,5,https://www.town.shikama.miyagi.jp/kurashi/eisei/1539.html
1289,26,https://www.city.kuwana.lg.jp/eigyou/kurashi/kankyou/2-475-764-282-346.html
1290,5,https://www.town.kami.miyagi.jp/soshikikarasagasu/hito_shigotosuishinka/iju_teiju/476.html
1291,40,https://www.town.tobe.ehime.jp/soshiki/10/gakuyouhin-nyugakumaesikyu.html
1292,5,http://www.town.wakuya.miyagi.jp/topics/kyuka_shotokushien.html
1293,11,https://www.city.kanuma.tochigi.jp/0036/info-0000007124-1.html
1294,5,https://www.town.misato.miyagi.jp/05kenko/2019-1128-0957-33.html
1295,26,https://www.city.suzuka.lg.jp/life/benri/5136.html
1296,40,https://www.town.ikata.ehime.jp/site/covid19/17913.html
1297,40,https://www.town.uchiko.ehime.jp/soshiki/1/134050.html
1298,5,https://www.town.onagawa.miyagi.jp/05_14hukushi/05_14_04_08.html
1299,26,https://www.city.nabari.lg.jp/s009/030/100/010/201502051467.html
1300,5,"http://www.town.minamisanriku.miyagi.jp/index.cfm/1,37600,39,196,html"
1301,11,https://www.city.nikko.lg.jp/kodomokatei/hitorioya.html
1302,26,https://www.city.owase.lg.jp/0000011639.html
1303,23,https://www.pref.gifu.lg.jp/page/101087.html
1304,6,https://www.pref.akita.lg.jp/pages/archive/30588
1305,26,https://www.city.kameyama.mie.jp/docs/2015012000069/
1306,6,https://www.city.akita.lg.jp/jigyosha/keieisogyo-support/1035404.html
1307,11,https://www.city.oyama.tochigi.jp/site/iju/216103.html
1308,23,https://www.city.gifu.lg.jp/business/sangyoushinkou/1005687/1016829.html
1309,6,https://www.city.noshiro.lg.jp/for/gakko/tetsuzuki/20099
1310,26,https://www.city.toba.mie.jp/shigoto_sangyo/sangyo_shinko/kigyo_shien/3507.html
1311,26,https://www.city.inabe.mie.jp/1009025/1009529/1011562.html
1312,6,https://www.city.oga.akita.jp/living_information/kenko_iryo_fukushi/kaigohoken/jigyoshomukejoho/4481.html
1313,6,https://www.city-yuzawa.jp/site/kosodate-navi/4248.html
1314,26,https://www.city.shima.mie.jp/kakuka/kenkofukushibu/kenkosuishinka/corona/shimashitorikumi/1622075280163.html
1315,6,https://www.city.kazuno.akita.jp/kurashi_tetuzuki/hoken_kenko/3/3397.html
1316,6,https://www.city.yurihonjo.lg.jp/error.html
1317,6,https://www.city.katagami.lg.jp/gyosei/lifescene/kenko_iryo/corona/2183.html
1318,26,https://www.city.iga.lg.jp/0000000023.html
1319,26,https://www.town.kisosaki.lg.jp/0000002214.html
1320,6,https://www.city.daisen.lg.jp/docs/2017113000023/
1321,26,https://www.town.toin.lg.jp/contents_detail.php?co=cat&frmId=5914&frmCd=4-4-2-0-0
1322,6,NULL
1323,11,http://www.city.moka.lg.jp/toppage/kenko_iryo_fukushi/5/7/5140.html
1324,6,https://www.city.nikaho.akita.jp/gyosei/living_scene/hojokin_joseikin/4260.html
1325,26,https://www2.town.komono.mie.jp/www/contents/1001000000313/index.html
1326,6,https://www.town.kosaka.akita.jp/kurashi_gyosei/kurashi_tetsuzuki/zeikin/1571.html
1327,26,https://www.town.kawagoe.mie.jp/index.php/kenkou/baby/jyosei/funin-chiryou/funinchiryou/funin-dai2/
1328,23,NULL
1329,6,https://www.vill.kamikoani.akita.jp/Error/Error404
1330,11,https://www.city.ohtawara.tochigi.jp/docs/2013082764911/
1331,6,http://www.town.fujisato.akita.jp/sangyo/c649/c659/2517
1332,26,https://www.town.taki.mie.jp/life/kenko/iryo_kenko/kenko_zoshin/1100.html
1333,26,https://www.town.meiwa.mie.jp/main/soshiki/fukusi/fukchi/1648099177520.html
1334,6,https://www.town.mitane.akita.jp/administration/detail.html?category_id=124&article_id=16792
1335,6,http://www.town.happou.akita.jp/docs/2020061600016/
1336,23,NULL
1337,26,https://www.odaitown.jp/soshiki/yakuba/11/2/1986.html
1338,6,http://www.town.gojome.akita.jp/kenkouiryoufukusi/hoken/COVID/1691
1339,6,https://www.town.hachirogata.akita.jp/kurashi/1001457/1001459/1001460/1003287.html
1340,11,https://www.city.yaita.tochigi.jp/site/coronavirus/koronagenmen3.html
1341,11,https://www.city.nasushiobara.lg.jp/kenko_fukushi/kenko_iryo/ryukoshikkan_kansensho_shingatainfluenza/15268.html
1342,23,https://www.vill.higashishirakawa.gifu.jp/kurashi/fukushi/kourei/ASVhojo/
1343,11,https://www.city.tochigi-sakura.lg.jp/business/000042/000251/p002832.html
1344,6,NULL
1345,11,https://www.city.nasukarasuyama.lg.jp/page/page000616.html
1346,26,http://www.town.watarai.lg.jp/contents_detail.php?co=kak&frmId=2397
1347,6,https://www.town.misato.akita.jp:443/teijyu/3152
1348,26,http://www.town.taiki.mie.jp/etc/oshirasehiroba/covid-19/r4-hikazei-kyuhukin
1349,26,https://www.town.minamiise.lg.jp/admin/shoshiki/singatakorona/sienseido/4705.html
1350,26,https://www.town.mie-kihoku.lg.jp/kakuka/fukushi/fukushinews/3671.html
1351,6,NULL
1352,26,https://www.town.mihama.mie.jp/soshikikarasagasu/kenkofukushika/kosodate_kyoiku/1/748.html
1353,6,NULL
1354,26,NULL
1355,23,https://www.town.yaotsu.lg.jp/6351.htm
1356,5,https://www.shichigahama.com/benricho/oshirase/kenko3-010-10232.html
1357,26,https://kizuna.town.tamaki.mie.jp/kurashi/kensetsu/akiyazigyo.html
1358,23,https://www.town.shirakawa.lg.jp/%e6%b5%84%e5%8c%96%e6%a7%bd%e8%a8%ad%e7%bd%ae%e8%a3%9c%e5%8a%a9%e9%87%91%e5%8f%8a%e3%81%b3%e7%94%b3%e8%ab%8b%e6%9b%b8%e7%ad%89%e3%81%ab%e3%81%a4%e3%81%84%e3%81%a6/
1359,6,NULL
1360,22,https://www.pref.nagano.lg.jp/chiiki-fukushi/happyou/040825.html
1361,7,https://www.pref.yamagata.jp/010002/kenfuku/kosodate/ninshinshussan/ninpu_kensa.html
1362,22,https://www.city.nagano.nagano.jp/site/covid19-joho/452952.html
1363,7,https://www.city.yamagata-yamagata.lg.jp/jigyosya/nougyo/1006761/1006760/1009946.html
1364,11,http://www.city.shimotsuke.lg.jp/0006/info-0000007862-3.html
1365,11,https://www.town.kaminokawa.lg.jp/0019/info-0000002747-0.html
1366,11,https://www.town.mashiko.lg.jp/page/page003021.html
1367,11,NULL
1368,23,NULL
1369,11,NULL
1370,11,https://www.town.tochigi-haga.lg.jp/kurashi/kenkou/hoseigujyosei/20220407hoseigujyosei.html
1371,22,https://www.city.matsumoto.nagano.jp/site/covid/1666.html
1372,22,https://www.city.ueda.nagano.jp/soshiki/fukusi/47890.html
1373,22,https://www.city.okaya.lg.jp/kurashi_tetsuzuki/iryo_kenko/kenshin_yobosesshu/22360.html
1374,22,https://www.city.iida.lg.jp/site/covid19/03kokuho-zein-corona-genmen.html
1375,7,https://www.city.yonezawa.yamagata.jp/5222.html
1376,22,https://www.city.suwa.lg.jp/life/1/3/19/
1377,22,https://www.city.suzaka.nagano.jp/contents/item.php?id=6111e7105404e
1378,7,https://www.city.tsuruoka.lg.jp:443/kenko/hokenkenko/ganyobo/kenko01201704041.html
1379,22,https://www.inacity.jp/iryo_kenko_fukushi/iryo_kenko/yobosesshu/04fuusin.html
1380,7,https://www.city.sakata.lg.jp/jyutaku/keikan/keikanseido/keikanjosei.html
1381,22,https://www.city.komoro.lg.jp/official/kurashi_tetsuzuki/kosodate/hoikuen_yochien/4040.html
1382,22,https://www.city.komagane.nagano.jp/gyosei/joho_seaech/lifescen/teate_josei/kurashi_tetsuzuki/5832.html
1383,7,http://www.city.shinjo.yamagata.jp/s002/095/20210326171717.html
1384,22,http://www.city.nakano.nagano.jp/docs/2014011500419/
1385,7,https://www.city.sagae.yamagata.jp:443/jigyou/jigyou/hojyoshien/jinzaiikusei_shien.html
1386,23,https://www.kawabe-gifu.jp/?p=43147
1387,22,https://www.city.omachi.nagano.jp/00008000/00008300/00008320/hikazei_kyufu_2.html
1388,7,http://www.city.kaminoyama.yamagata.jp/soshiki/11/koryugata.html
1389,22,https://www.city.iiyama.nagano.jp/soshiki/ijyuteijyusuisinka/ijyuteijyu/hojokin_juutaku/akiya_katsuyo
1390,22,https://www.city.chino.lg.jp/site/kids/200.html
1391,7,http://www.city.murayama.lg.jp/jigyosha/sho_kogyo/20220920jigyoukeizok.html
1392,22,https://www.city.shiojiri.lg.jp/soshiki/13/2697.html
1393,23,https://www.town.tomika.gifu.jp/docs/10843.html
1394,7,http://www.city.nagai.yamagata.jp/soshiki/kenspo/2/2/4/9502.html
1395,22,http://www.city.saku.nagano.jp/kenko/kenkozoshin/kenshin/012920220722140413163.html
1396,22,https://www.city.chikuma.lg.jp/corona_joho/gurashi_seikatsu_joho/4023.html
1397,7,http://www.city.tendo.yamagata.jp/lifeinfo/fukushi/ziritusienkin.html
1398,22,https://www.city.tomi.nagano.jp/category/iryou/149590.html
1399,25,https://www.pref.aichi.jp/site/covid19-aichi/shokuiki-hojo.html
1400,22,https://www.city.azumino.nagano.jp/site/kosodate/77908.html
1401,25,NULL
1402,23,NULL
1403,25,https://www.city.nagoya.jp/higashi/page/0000127148.html
1404,22,https://www.koumi-town.jp/office2/archives/hoken/yobosesshu/yobou-sesshu.html
1405,7,https://www.city.higashine.yamagata.jp/section_list/section001/airport_ass/airport_council/1501
1406,25,https://www.city.nagoya.jp/kita/page/0000121065.html
1407,7,https://www.city.obanazawa.yamagata.jp:443/fukushi/boshihoken/hunin-chiryo/271
1408,22,http://www.vill.kawakami.nagano.jp/www/contents/1606264261349/index.html
1409,7,http://www.city.nanyo.yamagata.jp/kajurokujika/4602
1410,22,https://www.minamimakimura.jp/main/gov/soumu/shomu/907/1.html
1411,7,http://www.town.yamanobe.yamagata.jp/soshiki/10/003.html
1412,22,NULL
1413,7,https://www.town.nakayama.yamagata.jp/soshiki/3/20210803pcrjosei.html
1414,22,NULL
1415,22,https://www.town.sakuho.nagano.jp/kurashi/ikuji/kosodate/kodomoka_1538.html
1416,7,https://www.town.kahoku.yamagata.jp/10790.html
1417,22,https://www.town.karuizawa.lg.jp/www/contents/1001000000496/index.html
1418,25,https://www.city.nagoya.jp/nishi/page/0000034289.html
1419,25,NULL
1420,25,NULL
1421,25,NULL
1422,22,https://www.town.miyota.nagano.jp/category/kankyou/158864.html
1423,7,http://www.town.nishikawa.yamagata.jp/chomin/01/chomin01030404.html
1424,25,https://www.city.nagoya.jp/mizuho/page/0000150004.html
1425,25,NULL
1426,25,NULL
1427,25,NULL
1428,25,NULL
1429,25,https://www.city.nagoya.jp/moriyama/page/0000114638.html
1430,25,https://www.city.nagoya.jp/moriyama/page/0000114638.html
1431,25,https://www.city.nagoya.jp/higashi/page/0000127148.html
1432,25,NULL
1433,23,http://www.town.kitagata.gifu.jp/third/living/Pediatric_influenza.html
1434,22,http://www.town.tateshina.nagano.jp/0000000035.html
1435,7,https://www.town.asahi.yamagata.jp/portal/business/shokogyo/6306.html
1436,22,http://www.vill.aoki.nagano.jp/kensinkennkoudukuri.html
1437,22,http://town.nagawa.nagano.jp/docs/2022080100041
1438,7,http://www.town.oe.yamagata.jp/migration/sumai/kenchiku-shien/474
1439,22,http://www.town.shimosuwa.lg.jp/www/contents/1502759715661/index.html
1440,23,https://www.town.gifu-ikeda.lg.jp/0000002140.html
1441,22,https://www.town.fujimi.lg.jp/page/akiya-hozyo.html
1442,22,https://www.vill.hara.lg.jp/docs/153.html
1443,7,http://www.town.oishida.yamagata.jp/life/hojo/miraidukuri.html
1444,25,https://www.city.toyohashi.lg.jp/34025.htm
1445,22,https://www.town.tatsuno.lg.jp/gyosei/soshiki/hokenfukushika/kenko_fukushi_iryo/6/2363.html
1446,23,https://www.town-ono.jp/0000000087.html
1447,7,https://www.town.kaneyama.yamagata.jp/event/2680.html
1448,7,NULL
1449,22,https://www.town.minowa.lg.jp/fukushi/hotorioya_2.html
1450,23,https://www.town.ibigawa.lg.jp/0000004070.html
1451,7,https://www.town.funagata.yamagata.jp/s009/shigoto/050/260/20211215101851.html
1452,7,https://www.town.mamurogawa.yamagata.jp/docs/2019012200023/
1453,22,https://www.town.iijima.lg.jp/kenko_kosodate/fukushi/2566.html
1454,22,https://www.vill.minamiminowa.lg.jp/site/covid-19/gakkou-kyuiku-josei-kojinn.html
1455,7,https://www.vill.ohkura.yamagata.jp/kurashi_tetsuzuki/anzen_anshin/bosai/1114.html
1456,22,https://www.vill.nakagawa.nagano.jp/site/covid-19/4373.html
1457,7,https://www.vill.sakegawa.yamagata.jp/kanko/kanko-topics/797
1458,22,NULL
1459,22,https://www.town.matsukawa.lg.jp/kinkyujoho/sinngatakoronasienjigyou/8487.html
1460,7,NULL
1461,22,https://www.town.nagano-takamori.lg.jp/kenko/4/1/3719.html
1462,22,http://www.town.anan.nagano.jp/jigyousya/%e4%ba%8b%e6%a5%ad%e8%80%85%e7%ad%89%e7%89%b9%e5%88%a5%e5%ae%9a%e9%a1%8d%e7%b5%a6%e4%bb%98%e9%87%91%e3%81%ab%e3%81%a4%e3%81%84%e3%81%a6/3055/
1463,7,https://www.town.takahata.yamagata.jp/soshikiichiran/kenkochojuka/1/3/373.html
1464,22,https://www.vill.achi.lg.jp/site/achidoki/20160215po-tarusaito2.html
1465,7,https://www.town.kawanishi.yamagata.jp/kenko/fukushi/2021-1118-0942-64.html
1466,7,NULL
1467,14,NULL
1468,22,NULL
1469,7,https://www.town.shirataka.lg.jp/item/5768.htm
1470,22,NULL
1471,22,NULL
1472,7,https://www.town.iide.yamagata.jp/002/jitakuryouyou.html
1473,23,https://www.town.anpachi.lg.jp/0000000617.html
1474,23,https://town.wanouchi.gifu.jp/portal/life-process/subsidy-allowance/about-medical/post0020446/
1475,23,http://www.town.sekigahara.gifu.jp/5277.htm
1476,22,NULL
1477,22,http://www.vill.takagi.nagano.jp/docs/2016031200584/
1478,22,https://www.vill.nagano-toyooka.lg.jp/16toyooka/05shien/index.html
1479,7,http://www.town.shonai.lg.jp/business/shoukougyo/genyubukka_kyuhukin.html
1480,22,NULL
1481,7,http://www.town.yuza.yamagata.jp/ou/kenkofukushi/fukushi/koureishafukushi/kourei-omutsu
1482,9,http://www.pref.fukushima.lg.jp/sec/11025b/teleworkijuhojo.html
1483,22,https://www.town.agematsu.nagano.jp/kurashi/kenko_fukushi/kenko/documents/kensinannai/kensinannai.html
1484,9,https://www.city.fukushima.fukushima.jp/gakkou-syomu/kosodate/kyoiku/kyoikuinkai/syugakuenjyonyugakumae.html
1485,9,https://www.city.aizuwakamatsu.fukushima.jp/docs/2020073100023/
1486,9,https://www.city.koriyama.lg.jp/soshiki/21/1728.html
1487,22,http://www.town.nagiso.nagano.jp/kenkoshiawase/syouni-ninni.html
1488,22,http://www.vill.kiso.nagano.jp/lifestage/category/culture/school/kisomurashougakukin_2.html
1489,25,https://www.city.okazaki.lg.jp/1100/1104/1133/p036713.html
1490,9,http://www.city.iwaki.lg.jp/www/contents/1001000000446/index.html
1491,22,NULL
1492,25,https://www.city.ichinomiya.aichi.jp/covid19/1033847/1035283.html
1493,22,http://www.vill.ookuwa.nagano.jp/main/kurashi/sumai/jyutakuhojo/jyutaku_shinchiku.html
1494,9,http://www.city.shirakawa.fukushima.jp/page/page000623.html
1495,25,http://www.city.seto.aichi.jp/docs/2010111000639/
1496,25,https://www.city.handa.lg.jp/chikifukushi/faq/kenko/fukushi/148.html
1497,23,http://www.town.tarui.lg.jp/docs/2014121500026/
1498,23,https://www.town.yoro.gifu.jp/docs/2016020500213/
1499,9,https://www.city.sukagawa.fukushima.jp/bunka_sports/shimin/shitaikata/1001190/1001192.html
1500,22,https://www.town-kiso.com/chousei/kouhou/100280/101729/
1501,9,http://www.city.kitakata.fukushima.jp/site/kosodate/16949.html
1502,22,http://www.vill.omi.nagano.jp/education/notice/001046.php
1503,25,https://www.city.kasugai.lg.jp/business/kigyo/shotengai/1017409.html
1504,22,NULL
1505,22,https://www.vill.yamagata.nagano.jp/docs/51391.html
1506,9,https://www.city.soma.fukushima.jp/kosodatesite/kenshin_yobosessyu/6057.html
1507,22,https://www.vill.asahi.nagano.jp/official/soshikikarasagasu/kyoikuiinkai/kyouikuseisakuka/kosodateshientanto/1/2/2835.html
1508,9,https://www.city.nihonmatsu.lg.jp/page/page009049.html
1509,22,http://www.vill.chikuhoku.lg.jp/archives/10237
1510,9,https://www.city.tamura.lg.jp/soshiki/12/benefits.html
1511,22,https://www.ikedamachi.net/0000001923.html
1512,22,https://www.vill.matsukawa.nagano.jp/life/archives/002588.php
1513,9,https://www.city.minamisoma.lg.jp/portal/health/kenko/2/1/1733/2731/11780.html
1514,9,https://www.city.fukushima-date.lg.jp/soshiki/14/49692.html
1515,22,https://www.vill.otari.nagano.jp/www/contents/1591333492095/index.html
1516,9,https://www.city.motomiya.lg.jp/soshiki/11/koureiinfuruenzaninpu1.html
1517,22,https://www.town.sakaki.nagano.jp/www/contents/1587124648959/index.html
1518,22,https://www.town.obuse.nagano.jp/docs/52547.html
1519,23,https://www.town.kasamatsu.gifu.jp/docs/2020060400013/
1520,22,https://www.vill.takayama.nagano.jp/docs/5512658.html
1521,9,https://www.town.koori.fukushima.jp/anti_covid19/11808.html
1522,9,https://www.town.kunimi.fukushima.jp/soshiki/2/11154.html
1523,22,http://town.yamanouchi.nagano.jp/kankoshoko/chushokigyoyushi.html
1524,9,https://www.town.kawamata.lg.jp/site/covid19/jyuminzeihikazeikakei.html
1525,25,http://www.city.toyokawa.lg.jp/kosodate/portal/teate/jidokansuruteate/futarioya.html
1526,25,http://www.city.tsushima.lg.jp/faq/fukushiiryou/iryoukenkou/gankenshin.html
1527,25,https://www.city.hekinan.lg.jp/city_info/photo_news/2022/19075.html
1528,25,https://www.city.kariya.lg.jp/kosodate/syussan/hitorioya/1005798.html
1529,22,http://www.vill.kijimadaira.lg.jp/articles/2021090800026/
1530,9,NULL
1531,22,https://www.vill.nozawaonsen.nagano.jp/www/contents/1050000000424/index.html
1532,22,https://www.town.shinano.lg.jp/docs/514.html
1533,22,https://www.vill.ogawa.nagano.jp/docs/7057.html
1534,25,https://www.city.toyota.aichi.jp/kurashi/fukushi/koureisha/kaigo/1017816/1017818.html
1535,9,https://www.town.kagamiishi.fukushima.jp/kurashi/kodomo/002386.html
1536,22,NULL
1537,23,https://www.city.kaizu.lg.jp/kosodate/0000002591.html
1538,22,https://www.town.iizuna.nagano.jp/docs/307.html
1539,23,https://www.city.gero.lg.jp/site/covid19/18376.html
1540,9,https://www.vill.tenei.fukushima.jp/site/covid-19/kokuhozei-corona.html
1541,23,https://www.city.gujo.gifu.jp/admin/info/post-1425.html
1542,25,https://www.city.anjo.aichi.jp/kurasu/kosodate/teateshien/chiikihahahojo.html
1543,9,NULL
1544,9,NULL
1545,9,NULL
1546,9,https://www.town.minamiaizu.lg.jp/official/soshikikarasagasu/sogoseisakuka/chiikizukuri/4/608.html
1547,9,NULL
1548,9,NULL
1549,6,NULL
1550,9,https://www.town.bandai.fukushima.jp/soshiki/soumu/kokuho-genmen.html
1551,9,NULL
1552,36,https://www.pref.hiroshima.lg.jp/site/akiyataisaku/revmo.html
1553,9,https://www.town.aizubange.fukushima.jp/soshiki/27/10148.html
1554,36,NULL
1555,36,NULL
1556,9,https://www.vill.yugawa.fukushima.jp:443/nougyousinkou/kokeisya_taisaku.html
1557,36,NULL
1558,36,NULL
1559,36,NULL
1560,36,NULL
1561,36,NULL
1562,36,NULL
1563,25,https://www.city.nishio.aichi.jp/covid19/gakko/1004460.html
1564,25,https://www.city.gamagori.lg.jp/site/hokencenter/1koingankensin-reiwa4.html
1565,36,NULL
1566,25,https://www.city.inuyama.aichi.jp/jigyo/kenchiku/1005693.html
1567,25,http://www.city.tokoname.aichi.jp/jigyosha/sangyo/1006435.html
1568,36,https://www.city.kure.lg.jp/site/jougesui/suidouryoukingenmen.html
1569,25,https://www.city.konan.lg.jp/1007015/1007960/1011817.html
1570,36,https://www.city.takehara.lg.jp/soshikikarasagasu/zeimuka/gyomuannai/1/3/1550.html
1571,36,https://www.city.mihara.hiroshima.jp/site/coronavirus/103234.html
1572,23,https://www.city.motosu.lg.jp/0000000977.html
1573,23,https://www.city.hida.gifu.jp/site/corona/30239.html
1574,23,https://www.city.mizuho.lg.jp/12194.htm
1575,23,https://www.city.yamagata.gifu.jp/site/kaigo/1453.html
1576,25,http://www.city.komaki.aichi.jp/admin/shimin/life/hojyo/bouhan/13486.html
1577,36,https://www.city.fukuyama.hiroshima.jp/site/kosodate/165063.html
1578,25,http://www.city.inazawa.aichi.jp/1007956/1008562/1008201.html
1579,36,https://www.city.fuchu.hiroshima.jp/fukushi_kenko/yobou/yobou_sesshu/1607.html
1580,25,https://www.city.shinshiro.lg.jp/kenko/covid19/shien/kojin/hikazeikyuufukin.html
1581,36,https://www.city.miyoshi.hiroshima.jp/fukushi_m/shougaisyafukushi/hitorioya3.html
1582,9,NULL
1583,9,NULL
1584,9,https://www.town.kaneyama.fukushima.jp/site/kanko/sightseeingtaxis-saikaitsuu.html
1585,9,NULL
1586,36,https://www.city.shobara.hiroshima.jp/main/health/h_m/cat02/post_73.html
1587,9,NULL
1588,36,https://www.city.otake.hiroshima.jp/boshu/1512544686231.html
1589,36,https://www.city.higashihiroshima.lg.jp/soshiki/kyoikuiinkaigakkokyoiku/1/4/18743.html
1590,9,https://www.vill.nishigo.fukushima.jp/soshiki/fukushika/kinkyujoho/1/552.html
1591,9,https://www.vill.izumizaki.fukushima.jp/page/page000144.html
1592,9,http://www.vill-nakajima.jp/page/page000479.html
1593,9,http://www.town.yabuki.fukushima.jp/page/page004399.html
1594,36,https://www.city.hatsukaichi.hiroshima.jp/soshiki/2/75353.html
1595,9,http://www.town.tanagura.fukushima.jp/page/page001672.html
1596,9,https://www.town.yamatsuri.fukushima.jp/page/page000630.html
1597,36,https://www.akitakata.jp/ja/shisei/section/syakaihukusi/jyuukyokakuhokyuuhukinn-copy-2/
1598,9,http://www.town.hanawa.fukushima.jp/page/page001414.html
1599,9,https://www.vill.samegawa.fukushima.jp/page/page002241.html
1600,9,https://www.town.ishikawa.fukushima.jp/admin/ishikawa/info/003237.html
1601,9,https://www.vill.tamakawa.fukushima.jp/information/info1/002995.php
1602,36,https://www.city.etajima.hiroshima.jp/cms/articles/show/1626
1603,9,NULL
1604,36,https://www.town.fuchu.hiroshima.jp/site/education/2495.html
1605,9,http://www.town.asakawa.fukushima.jp/agriculture/001636.html
1606,36,https://www.town.kaita.lg.jp/site/covid19-joho-kaita/116265.html
1607,25,http://www.city.tokai.aichi.jp/12107.htm
1608,25,https://www.city.obu.aichi.jp/kenko/hokeniryo_jyosei/hokeniryo/1021430.html
1609,25,https://www.city.chita.lg.jp/docs/2014073100015/
1610,9,NULL
1611,25,https://www.city.chiryu.aichi.jp/important/singatacoronataisaku/simin/1593558874099.html
1612,25,https://www.city.owariasahi.lg.jp/kurasi/kenkou/seikatukonnkyuu/documents/rinzitokubetukyuuhukin.html
1613,25,https://www.city.takahama.lg.jp/soshiki/fukushi/20830.html
1614,23,https://www.city.kani.lg.jp/17938.htm
1615,25,https://www.city.iwakura.aichi.jp/0000004235.html
1616,23,https://www.city.kakamigahara.lg.jp/business/koyou/1016144.html
1617,23,https://www.city.toki.lg.jp/docs/10692.html
1618,9,https://www.town.miharu.fukushima.jp/soshiki/2/r4-itibusonkai.html
1619,15,NULL
1620,36,https://www.town.kumano.hiroshima.jp/www/contents/1084429925640/index.html
1621,36,https://www.town.saka.lg.jp/2022/06/01/post_840/
1622,36,https://www.akiota.jp/site/ncov/1213.html
1623,36,https://www.town.kitahiroshima.lg.jp/site/2019-ncov/18395.html
1624,36,https://www.town.osakikamijima.hiroshima.jp/soshiki/somu/5689.html
1625,9,https://www.town.ono.fukushima.jp/soshiki/3/seido-energy.html
1626,36,https://www.town.sera.hiroshima.jp/soshiki/14/3764.html
1627,36,http://www.jinsekigun.jp/town/formation/hoken/kenkou/yobousessyu/inhul-01/
1628,28,https://www.pref.kyoto.jp/anshin/20220203syogakukin.html
1629,29,https://www.town.shimamoto.lg.jp/site/covid-19/14139.html
1630,29,https://www.city.suita.osaka.jp/kenko/1018391/1018393/1016229.html
1631,29,https://www.city.sakai.lg.jp/kenko/fukushikaigo/koreishafukushi/shakaisanka/ikigai.html
1632,29,https://www.city.sakai.lg.jp/kenko/fukushikaigo/koreishafukushi/shakaisanka/ikigai.html
1633,29,https://www.city.sakai.lg.jp/kenko/fukushikaigo/koreishafukushi/shakaisanka/ikigai.html
1634,49,NULL
1635,49,NULL
1636,49,NULL
1637,29,https://www.city.sakai.lg.jp/kurashi/honen/oshirase/71222620220222172543770.html
1638,29,https://www.city.sakai.lg.jp/kurashi/honen/oshirase/71222620220222172543770.html
1639,29,https://www.city.sakai.lg.jp/kurashi/honen/oshirase/71222620220222172543770.html
1640,49,NULL
1641,29,https://www.city.sakai.lg.jp/kurashi/honen/oshirase/71222620220222172543770.html
1642,49,https://www.vill.kitanakagusuku.lg.jp/kurashi/suidou/gesuidou/669.html
1643,29,https://www.city.osaka.lg.jp/fukushi/page/0000007818.html
1644,49,NULL
1645,49,NULL
1646,49,NULL
1647,44,NULL
1648,44,NULL
1649,44,https://www.town.hasami.lg.jp/machi/kosodate/6/2360.html
1650,4,https://www.town.shiwa.iwate.jp/boshu/3244.html
1651,44,https://www.pref.nagasaki.jp/bunrui/hukushi-hoken/genbaku/hibakusyanoengo/kenkousindan/
1652,4,https://www.town.shizukuishi.iwate.jp/docs/2019040400020/
1653,31,https://www.pref.nara.jp/21972.htm
1654,31,NULL
1655,31,https://www.town.nara-kawanishi.lg.jp/contents_detail.php?co=kak&frmId=6990
1656,31,https://www.vill.soni.nara.jp/info/99
1657,31,NULL
1658,31,NULL
1659,31,NULL
1660,9,http://www.shinchi-town.jp/site/covid-19/kosodatesetaiseikatusientokubetukyuhukin.html
1661,9,https://www.katsurao.org/soshiki/1/shinntikuiwai.html
1662,31,NULL
1663,9,https://www.town.namie.fukushima.jp/soshiki/20/30491.html
1664,9,https://www.town.fukushima-futaba.lg.jp/10076.htm
1665,19,NULL
1666,9,https://www.town.okuma.fukushima.jp/soshiki/kikakuchosei/1034.html
1667,9,http://www.kawauchimura.jp/page/page000476.html
1668,37,https://www.pref.yamaguchi.lg.jp/press/180489.html
1669,9,https://www.tomioka-town.jp/chonai/iryo_kenko/2901.html
1670,37,https://www.city.shimonoseki.lg.jp/site/coronataisaku/2348.html
1671,25,https://www.city.toyoake.lg.jp/14067.htm
1672,37,https://www.city.ube.yamaguchi.jp/kurashi/shizei/kojinzei/1011137.html
1673,9,https://www.town.naraha.lg.jp/life/006610.html
1674,37,https://www.city.yamaguchi.lg.jp/site/kodomo/100750.html
1675,25,https://www.city.nisshin.lg.jp/department/kenko/fukushi/3/2/12718.html
1676,37,https://www.city.hagi.lg.jp/site/corona/h49774.html
1677,37,https://www.city.hofu.yamaguchi.jp/site/akiya/hojokin-kiken.html
1678,9,https://www.town.hirono.fukushima.jp/business/kigyoshien/1003773.html
1679,25,https://www.city.tahara.aichi.jp/fukushi/1002722/1007318.html
1680,37,NULL
1681,30,http://web.pref.hyogo.lg.jp/kf03/shienkin.html
1682,37,https://www.city.iwakuni.lg.jp/soshiki/52/74638.html
1683,32,http://www.city.wakayama.wakayama.jp/1016047/1018926/1040348/1040358.html
1684,37,https://www.city.hikari.lg.jp/safety_info/10727.html
1685,25,https://www.city.aisai.lg.jp/contents_detail.php?co=cat&frmId=11045&frmCd=1-12-0-0-0
1686,37,https://www.city.nagato.yamaguchi.jp/soshiki/12/40332.html
1687,37,https://www.city-yanai.jp/site/kokuho/tokuteikensin-r2.html
1688,37,https://www2.city.mine.lg.jp/kenko_fukushi/fukushi/chiiki_fukushi/seikatsuhogo/6328.html
1689,37,https://www.city.shunan.lg.jp/site/sinsei/32137.html
1690,25,http://www.city.kiyosu.aichi.jp/bosai_anshin/kotsu_anzen/kiyosushizitensya.html
1691,32,https://www.city.kainan.lg.jp/kakubusho/kurashibu/kenkoka/oshirase/3220.html
1692,37,https://www.city.sanyo-onoda.lg.jp/site/covid-19/seishintuin-singatakorona-encho.html
1693,32,https://www.city.hashimoto.lg.jp/guide/kenko_fukushibu/fukushi/oshirase/12424.html
1694,37,NULL
1695,32,https://www.city.arida.lg.jp/kosodatenavi/teatejosei/1003545.html
1696,37,https://www.town.waki.lg.jp/soshiki/6/4695.html
1697,32,http://www.city.gobo.wakayama.jp/sosiki/sangyokensetu/syoko/tanto/sanngyousinnkou/sougyou/1527656982710.html
1698,25,https://www.city.kitanagoya.lg.jp/jidou/1500065.php
1699,23,https://www.city.ena.lg.jp/ena_diary/2021_3/7925.html
1700,37,https://www.town.kaminoseki.lg.jp/%e3%81%b5%e3%82%8b%e3%81%95%e3%81%a8%e4%b8%8a%e9%96%a2%e5%a4%a7%e5%ad%a6%e7%94%9f%e7%ad%89%e6%94%af%e6%8f%b4%e9%87%91%e7%b5%a6%e4%bb%98%e4%ba%8b%e6%a5%ad.html
1701,32,NULL
1702,23,https://www.city.hashima.lg.jp/0000012365.html
1703,37,https://www.town.tabuse.lg.jp/www/contents/1282625983519/index.html
1704,25,https://www.city.yatomi.lg.jp/kurashi/1000156/1000173/1003834.html
1705,37,http://www.town.hirao.lg.jp/soshiki/kankyo/akiya/1591857387153.html
1706,32,NULL
1707,32,https://www.city.kinokawa.lg.jp/kodomo/2020-0730-1558-76.html
1708,37,NULL
1709,25,http://www.city.aichi-miyoshi.lg.jp/bosai/documents/31atoduke.html
1710,23,https://www.city.mizunami.lg.jp/kenkou_fukushi/otonakenkou/1001410/1001900.html
1711,41,https://www.pref.kochi.lg.jp/soshiki/030901/2022051700119.html
1712,41,https://www.city.kochi.kochi.jp/site/kochi-corona/exemption-shinsei-syo.html
1713,32,https://www.city.iwade.lg.jp/kyouiku-soumu/2020-1215-1028-66.html
1714,32,https://www.town.kimino.wakayama.jp/jigyosha/1131.html
1715,30,https://www.city.kobe.lg.jp/a05822/sankakusuisin/hojyokinsien.html
1716,30,https://www.city.kobe.lg.jp/a36643/energy/suisostation.html
1717,32,https://www.town.katsuragi.wakayama.jp/010/120/020/20200330170129.html
1718,41,NULL
1719,32,https://www.town.kudoyama.wakayama.jp/jougesuidou/2022-1001-suidou-genmen.html
1720,41,https://www.city.aki.kochi.jp/life/dtl.php?hdnKey=4048
1721,32,http://www.town.koya.wakayama.jp/kurashi/information/22530.html
1722,30,NULL
1723,41,NULL
1724,32,https://www.town.yuasa.wakayama.jp/soshiki/4/3431.html
1725,41,NULL
1726,32,https://www.town.hirogawa.wakayama.jp/kyouiku/2022-0830-0832-12.html
1727,30,https://www.city.kobe.lg.jp/a01110/kurashi/sumai/jutaku/information/sharehouse.html
1728,32,https://www.town.aridagawa.lg.jp/top/kakuka/kanaya/9/3/1/476.html
1729,30,NULL
1730,32,NULL
1731,41,NULL
1732,32,http://www.town.wakayama-hidaka.lg.jp/docs/2020092400029/
1733,32,NULL
1734,30,NULL
1735,41,NULL
1736,32,http://www.town.wakayama-inami.lg.jp/contents_detail.php?co=cat&frmId=1179&frmCd=11-5-0-0-0
1737,41,https://www.city.tosashimizu.kochi.jp/kurashi/section/tourism/16554.html
1738,30,NULL
1739,41,https://www.city.shimanto.lg.jp/soshiki/14/6043.html
1740,30,NULL
1741,32,http://www.town.minabe.lg.jp/docs/2020052600025/
1742,41,https://www.city.kochi-konan.lg.jp/important_notice/7581.html
1743,32,http://www.town.hidakagawa.lg.jp/hitorioyasaisikyu-korona.html
1744,41,https://www.city.kami.lg.jp/soshiki/10/block.html
1745,32,NULL
1746,32,http://www.town.kamitonda.lg.jp/kurashi/kenko_fukushi/fukushi/3165.html
1747,41,NULL
1748,32,http://www.town.susami.lg.jp/docs/2019070100013/
1749,30,NULL
1750,30,https://www.city.kobe.lg.jp/a01110/kurashi/sumai/jutaku/information/sharehouse.html
1751,41,http://www.town.nahari.kochi.jp/%E7%94%BA%E6%B0%91%E3%81%AE%E6%96%B9%E3%80%85%E3%81%B8/1516/
1752,32,NULL
1753,32,NULL
1754,25,https://www.city.ama.aichi.jp/kurashi/1002024/teate/1008078.html
1755,30,https://www.city.himeji.lg.jp/bousai/0000003398.html
1756,32,NULL
1757,41,NULL
1758,30,https://www.city.amagasaki.hyogo.jp/kurashi/bosai_syobo/1001767/1002323.html
1759,32,NULL
1760,32,https://www.town.kushimoto.wakayama.jp/kosodate/hitorioya/korona-kyufukin.html
1761,41,NULL
1762,30,http://www.city.akashi.lg.jp/fukushi/k_kaigo_shitsu/kaigohoken/documents/be-suupkasan.html
1763,25,https://www.city.nagakute.lg.jp/kosodate_kyoiku/gakkokyoiku/18090.html
1764,23,https://www.city.nakatsugawa.lg.jp/shisei/urbandev/3/5583.html
1765,30,https://www.nishi.or.jp/jigyoshajoho/kaigojigyo/tetsuzuki/fukushi_kyuhu.html
1766,32,https://www.pref.wakayama.lg.jp/prefg/010500/yuuyo-tokurei.html
1767,41,NULL
1768,30,https://www.city.sumoto.lg.jp/site/covid19/19116.html
1769,25,https://www.town.aichi-togo.lg.jp/kosodate_kyoiku/boshinokenko/kenshin_ninshin_shussan/5919.html
1770,38,NULL
1771,25,https://www.town.toyoyama.lg.jp/kenko-iryo-fukushi/fukushi/1002797/1002798.html
1772,30,https://www.city.ashiya.lg.jp/kanri/daigaku/nyuugakugoshinsei.html
1773,45,https://www.pref.kumamoto.jp/soshiki/117/102618.html
1774,41,http://www.vill.geisei.kochi.jp/pages/m000140.php
1775,30,https://www.city.itami.lg.jp/kurashi_tetsuzuki/seikatsueisei/2/20309.html
1776,41,https://www.town.motoyama.kochi.jp/soshikikarasagasu/machizukurisuishinka/1/1042.html
1777,45,https://www.city.kumamoto.jp/hpKiji/pub/detail.aspx?c_id=5&id=21648&class_set_id=3&class_id=826
1778,30,https://www.city.aioi.lg.jp/site/aioisihokennsennta/nyugan.html
1779,25,https://www.town.oguchi.lg.jp/2223.htm
1780,45,NULL
1781,41,NULL
1782,30,https://www.city.toyooka.lg.jp/kurashi/gomikankyo/1019255/1019260/1019261/1019137.html
1783,38,https://www.city.tokushima.tokushima.jp/anzen/shoubo_bousai/disaster_prevention/hinanjo/420100k20200929.html
1784,30,https://www.city.kakogawa.lg.jp/fukushikenko/iryo_kenko/seijinyobousessyu/1418539673909.html
1785,45,NULL
1786,25,https://www.town.fuso.lg.jp/kenkou/1001896/1001905/1001951/1003219.html
1787,41,NULL
1788,45,NULL
1789,30,http://www.city.ako.lg.jp/edu/sports/zenkokugekirei.html
1790,23,http://www.city.mino.gifu.jp/pages/3149
1791,30,https://www.city.nishiwaki.lg.jp/iju/kosodate/1459240474734.html
1792,23,https://www.city.seki.lg.jp/0000012515.html
1793,23,https://www.city.tajimi.lg.jp/gyose/kakuka/hosen-pub/kinnenntiryouhijoseiyoukou.html
1794,41,http://www.vill.okawa.kochi.jp/life/dtl.php?hdnKey=1404&routekbn=S
1795,45,http://www.city.yatsushiro.lg.jp/kiji00311169/index.html
1796,41,NULL
1797,30,https://www.city.takarazuka.hyogo.jp/anzen/1009510/1017015/1040954.html
1798,25,https://www.town.oharu.aichi.jp/1419.htm
1799,45,https://www.city.hitoyoshi.lg.jp/q/aview/119/16922.html
1800,41,NULL
1801,30,https://www.city.miki.lg.jp/site/coronasupport/25474.html
1802,41,NULL
1803,23,https://www.city.takayama.lg.jp/shisei/1000067/1002790/1002803/1008596.html
1804,45,https://www.city.arao.lg.jp/kosodate/shien/teate-josei/4007.html
1805,30,https://www.city.takasago.lg.jp/gyoseisite/kenko_fukushi/iryo_kenko/10/6043.html
1806,38,https://www.city.naruto.tokushima.jp/kurashi/kodomo/kosodate/ninshin/funinchiryo.html
1807,30,https://www.city.kawanishi.hyogo.jp/kurashi/fukushi_kaigo/fukushi/1000912.html
1808,45,https://www.city.minamata.lg.jp/kiji003130/index.html
1809,30,https://www.city.ono.hyogo.jp/kurashi_fukushi/kenko_iryo_shussan/kansensho_byoki/2/10828.html
1810,41,NULL
1811,25,https://www.town.kanie.aichi.jp/site/kyuhukin/kokuho-korona-genmen.html
1812,45,https://www.city.tamana.lg.jp/q/aview/249/7468.html
1813,30,https://www.city.sanda.lg.jp/shigoto_sangyo/sangyo_shinko/nogyo_ringyo/nogyo/15524.html
1814,41,https://town.kochi-tsuno.lg.jp/section/post_2404
1815,41,http://www.town.ochi.kochi.jp/yakuba/center/info/seijinyobosessyu.htm
1816,30,https://www.city.kasai.hyogo.jp/site/covid/12149.html
1817,45,https://www.city.yamaga.kumamoto.jp/www/contents/1427358198714/index.html
1818,30,https://www.city.tambasasayama.lg.jp/kenko_fukushi/fukushi_kaigo/seikatsufukushi/17043.html
1819,41,NULL
1820,45,https://www.city.kikuchi.lg.jp/q/aview/105/12548.html
1821,30,https://www.city.yabu.hyogo.jp/soshiki/kenkofukushi/kenko/gankanjashien/1386.html
1822,41,NULL
1823,45,https://www.city.uto.lg.jp/article/view/1056/1073.html
1824,41,NULL
1825,45,https://www.city.kamiamakusa.kumamoto.jp/q/aview/242/16159.html
1826,30,https://www.town.taka.lg.jp/category_guide/detail/id=27441
1827,38,https://www.city.komatsushima.lg.jp/docs/2658456.html
1828,41,https://www.town.kuroshio.lg.jp/pb/cont/chiiki-osirase/35155
1829,45,https://www.city.uki.kumamoto.jp/toppage/shinseisho/dl_eisei/2137964
1830,45,https://www.city.aso.kumamoto.jp/citizens/health_medical_welfare/insurance_of_children/allowances/r4-gitekaisei/
1831,30,https://www.city.tamba.lg.jp/site/corona/hitorioyasetaitokubetukyuuhukinn.html
1832,45,https://www.city.amakusa.kumamoto.jp/kiji0031010/index.html
1833,38,https://www.city.anan.tokushima.jp/docs/2023021000062/
1834,41,NULL
1835,45,https://www.city.koshi.lg.jp/kiji00318528/index.html
1836,45,https://www.town.kumamoto-misato.lg.jp/q/aview/1/9552.html
1837,38,https://www.city.yoshinogawa.lg.jp/docs/2015111600016/
1838,41,NULL
1839,38,https://www.city.awa.lg.jp/docs/2011040400093/
1840,45,https://www.town.gyokuto.kumamoto.jp/kiji0031071/index.html
1841,14,https://www.city.tateyama.chiba.jp/kenkou/page100123.html
1842,14,https://www.town.mutsuzawa.chiba.jp/kurashi/__trashed-6__trashed.html
1843,45,https://www.town.nankan.lg.jp/page2881.html
1844,45,NULL
1845,38,https://www.city.mima.lg.jp/gyosei/docs/131320.html
1846,25,NULL
1847,38,https://www.miyoshi.i-tokushima.jp/docs/1312303.html
1848,25,https://www.town.agui.lg.jp/contents_detail.php?co=cat&frmId=5121&frmCd=5-10-1-0-0
1849,25,https://www.town.aichi-higashiura.lg.jp/juyo/covid19/chominshien/12378.html
1850,25,https://www.town.minamichita.lg.jp/kenkofukushi/fukushi/1003762.html
1851,23,https://www.city.ogaki.lg.jp/0000001681.html
1852,38,http://www.town.katsuura.lg.jp/docs/2020112700023/
1853,25,https://www.town.aichi-mihama.lg.jp/docs/2021042100013/
1854,38,http://www.kamikatsu.jp/docs/2020041600012/
1855,30,https://www.city.minamiawaji.hyogo.jp/soshiki/fukushi/fukushimimamorisienntaisakukyuuhukinn.html
1856,25,http://www.town.taketoyo.lg.jp/contents_detail.php?co=kak&frmId=1946
1857,45,NULL
1858,38,https://www.town.ishii.lg.jp/docs/2014100800031/
1859,45,https://www.town.ozu.kumamoto.jp/kiji00312202/index.html
1860,30,http://www.city.asago.hyogo.jp/0000000280.html
1861,3,NULL
1862,38,https://www.town.kamiyama.lg.jp/office/zeimuhoken/national-health/no99.html
1863,2,NULL
1864,23,https://www.city.minokamo.gifu.jp/shimin/contents.cfm?base_id=11590&mi_id=1&g1_id=4&g2_id=17
1866,25,https://www.town.kota.lg.jp/soshiki/11/10859.html
1867,12,https://www.city.maebashi.gunma.jp/kenko_fukushi/1/5/4/11996.html
1868,25,https://www.town.shitara.lg.jp/soshiki/3/3276.html
1869,38,https://www.town.tokushima-naka.lg.jp/gyosei/docs/2353632.html
1870,25,http://www.town.toei.aichi.jp/4064.htm
1871,25,NULL
1872,45,https://www.town.asagiri.lg.jp/q/aview/955/16854.html
1873,2,https://www.city.ebetsu.hokkaido.jp/site/kyouiku/42163.html
1874,2,NULL
1875,38,https://www.town.tokushima-mugi.lg.jp/docs/2021091400010/
1876,45,https://www.kumamura.com/gyousei/2022/07/16366/
1877,38,https://www.town.minami.lg.jp/docs/2597720.html
1878,2,https://www.town.imakane.lg.jp/gyousei/kenkoufukushi/kennkoudukuri/post_3091.html
1879,45,https://www.vill.yamae.lg.jp/pagetop/gyosei_unei/kenko/2_1/2210.html
1880,38,https://www.town.kaiyo.lg.jp/docs/2012041300016/
1881,38,NULL
1882,12,https://www.city.ota.gunma.jp/005gyosei/0030-004soumu-koubai/kasituke.html
1883,45,NULL
1884,45,NULL
1885,38,http://www.town.itano.tokushima.jp/docs/2017040700553/
1886,12,https://www.city.shibukawa.lg.jp/kenkou/fukushi/seikatsu/p008509.html
1887,2,NULL
1888,7,NULL
1889,38,https://www.town.tokushima-tsurugi.lg.jp/docs/1979084.html
1890,2,http://www.town.niki.hokkaido.jp/section/jyuminka/immd6j0000004quw.html
1891,38,https://www.town.higashimiyoshi.lg.jp/docs/2373865.html
1892,45,NULL
1893,45,NULL
1894,2,NULL
1895,12,NULL
1896,45,https://www.town.taragi.lg.jp/gyousei/soshiki/syougaigakusyu/gakkou_kyoiku/184.html
1897,38,https://www.vill.sanagochi.lg.jp/docs/2022090100017/
1898,2,https://www.town.nanporo.hokkaido.jp/topics/hospital/p13515/
1899,12,https://www.town.naganohara.gunma.jp/www/contents/1360660087664/index.html
1900,45,http://www.nishiki-machi.com/docs/2022090600029/
1901,45,https://reihoku-kumamoto.jp/20936/
1902,46,http://www.city.kitsuki.lg.jp/kurashi/juutaku_tochi/jutaku_kenchiku/4046.html
1903,45,https://www.town.tsunagi.lg.jp/page3601.html
1904,45,http://www.ashikita-t.kumamoto-sgn.jp/www/contents/1567992885612/index.html
1905,45,https://www.town.hikawa.kumamoto.jp/kiji0035225/index.html
1906,45,https://www.town.kumamoto-yamato.lg.jp/kiji0036146/index.html
1907,45,https://www.town.kosa.lg.jp/q/aview/105/8645.html
1908,45,https://www.town.mashiki.lg.jp/kiji0035166/index.html
1909,45,https://www.town.kumamoto-kashima.lg.jp/q/aview/104/1272.html
1910,45,https://www.town.mifune.kumamoto.jp/page7264.html
1911,45,NULL
1912,46,https://www.city.usa.oita.jp/sougo/soshiki/12/kenko/hokennenkin/nenkin/4808.html
1913,45,https://www.vill.nishihara.kumamoto.jp/_3181/_3925.html
1914,45,https://www.town.takamori.kumamoto.jp/chosha/zaisankanri/2022/06/post-128.html
1915,45,NULL
1916,38,https://www.town.matsushige.tokushima.jp/docs/2017102000010/
1917,45,https://www.town.kumamoto-oguni.lg.jp/q/aview/111/1382.html
1918,45,NULL
1919,38,https://www.town.aizumi.lg.jp/docs/2017021300017/
1920,45,https://www.town.kikuyo.lg.jp/kiji0031220/index.html
1921,38,https://www.townkamiita.jp/docs/2013100400012/
1922,16,NULL
1923,46,NULL
1924,46,https://www.city.beppu.oita.jp/seikatu/kenkou_iryou/kansensyou_nanbyoutou/corona_yellken_kodomo.html
1925,2,NULL
1926,12,https://www.town.kusatsu.gunma.jp/www/contents/1657585999825/index.html
1927,12,NULL
1928,45,NULL
1929,12,https://www.town.higashiagatsuma.gunma.jp/www/contents/1445407205621/index.html
1930,45,NULL
1931,16,https://www.city.yamato.lg.jp/gyosei/soshik/2609/19598.html
1932,12,NULL
1933,12,NULL
1934,16,https://www.city.isehara.kanagawa.jp/docs/2012022700026/
1935,16,https://www.town.hayama.lg.jp/kurashi/bousai/3855.html
1936,16,https://www.town.samukawa.kanagawa.jp/soshiki/fukushi/koreikaigo/koreifukushi/info/koureishsien/16648.html
1937,16,http://www.town.oiso.kanagawa.jp/download/hoken_kenko_iryo/11363.html
1938,16,http://www.town.ninomiya.kanagawa.jp/kenko_iryo/iryo_hoken/kenkoshindan/yobousessyu/1559553732946.html
1939,16,https://www.town.nakai.kanagawa.jp/soshiki/fukushikakosodateshienhan/josei_teate/464.html
1940,16,https://www.town.oi.kanagawa.jp/soshiki/6/iryouhikoujyo.html
1941,16,https://town.matsuda.kanagawa.jp/soshiki/5/syoukyaku-korona.html
1942,49,NULL
1943,48,NULL
1944,49,NULL
1945,15,NULL
1946,30,https://www.city.awaji.lg.jp/site/kensin/kensinjyusinken.html
1947,30,https://www.city.shiso.lg.jp/important/new_corona_kanrenjouhou/new_corona_kinkyushien_oshirase/10300.html
1948,30,https://www.city.kato.lg.jp/kakukanogoannai/jogesuidobu/kanri/ryoukinkankeinitsuite/9617.html
1949,30,https://www.city.tatsuno.lg.jp/chiikifukushi/jiritu.html
1950,30,https://www.town.inagawa.lg.jp/soshiki/kyouikuiinkai/gakkosin/kosodatekyouiku/h31syuugakuzi.pdf.html
1951,30,https://www.town.hyogo-inami.lg.jp/0000003948.html
1952,30,http://www.town.harima.lg.jp/fukushi/koutukikannowaribikioyobijosei.html
1953,30,https://www.town.ichikawa.lg.jp/info/1256
1954,35,https://www.town.nagi.okayama.jp/gyousei/koutou2022.html
1955,30,http://www.town.fukusaki.hyogo.jp/0000001790.html
1956,30,http://www.town.kamikawa.hyogo.jp/0000001849.html
1957,30,NULL
1958,30,https://www.town.kamigori.hyogo.jp/iryo_kenko_fukushi/iryo_kenko/boshinokenko/2951.html
1959,30,NULL
1960,30,https://www.town.mikata-kami.lg.jp/www/contents/1529540696771/index.html
1961,30,NULL
1962,16,http://www.town.yamakita.kanagawa.jp/0000005673.html
1963,16,https://www.town.kaisei.kanagawa.jp/info/1328
1964,16,"http://www.town.hakone.kanagawa.jp/index.cfm/7,20476,html"
1965,16,http://www.town.manazuru.kanagawa.jp/soshiki/fukushi/kosodateshien/2156.html
1966,16,https://www.town.yugawara.kanagawa.jp/site/coronavirus-sitetop/4919.html
1967,16,https://www.town.aikawa.kanagawa.jp/benri/guide/zeikin_hoken_nenkin/hoken/kokuho/1589171322376.html
1968,16,https://www.town.kiyokawa.kanagawa.jp/soshiki/kyoikuinkai/2590.html
1969,16,https://www.city.ebina.kanagawa.jp/guide/hoken/koukikourei/1010885.html
1970,16,https://www.city.zama.kanagawa.jp/www/contents/1190779462001/index.html
1971,10,https://www.pref.ibaraki.jp/hokenfukushi/chikuho/hoken/shimohc/kenko/kansen/yobo-kodomo.html
1972,14,NULL
1973,14,https://www.town.tohnosho.chiba.jp/shigoto_sangyo/sangyoshinko/nogyo_ringyo_suisangyo/3/3469.html
1974,10,https://www.city.ibaraki-koga.lg.jp/bunrui/kenkofukushi/medical_health/4/11996.html
1975,14,NULL
1976,14,NULL
1977,22,NULL
1978,14,NULL
1979,22,NULL
1980,14,NULL
1981,14,NULL
1982,41,NULL
1983,39,https://www.town.manno.lg.jp/jigyosya/jigyosya_news/entry-2920.html
1984,24,NULL
1985,24,NULL
1986,24,NULL
1987,16,NULL
1988,24,https://www.city.gotemba.lg.jp/kenkou/c-4/c-4-2/10226.html
1989,16,http://www.city.ayase.kanagawa.jp/hp/page000023200/hpg000023162.htm
1992,36,https://www.city.onomichi.hiroshima.jp/soshiki/19/1806.html
1993,34,https://www1.city.matsue.shimane.jp/kenkou/kenshin/gankenshin.html
1994,34,https://www.city.yasugi.shimane.jp/kurashi/gomi/hojo/hozen-hojokin.html
1995,23,https://www.town.godo.gifu.jp/life/koso/koso24.html
2012,50,https://jsite.mhlw.go.jp/nagano-roudoukyoku/hourei_seido_tetsuzuki/kakushu_joseikin/_117059.html
2040,23,https://www.town.ginan.lg.jp/3064.htm
2041,42,https://www.town.mizumaki.lg.jp/s004/kurashi/060/080/030/20210209145201.html